Model,Num_Error,Pct_Error
1,74.25,90.76743516
2,87,103.0019469
3,83.25,101.8509565
4,63,75.36302085
5,62.5,77.07107079
6,16,20.89262596
7,15,18.2371315
